Airport_Code,Timezone,Ocorrencias,Airport_Name
K01M,US/Central,4,Tishomingo County Airport
K04W,US/Central,25,Field of Dreams Airport
K0CO,US/Mountain,74,
K0E0,US/Mountain,2,Moriarty Municipal Airport
K0VG,US/Eastern,34,Lee County Airport
K11R,US/Central,2,Brenham Municipal Airport
K12N,US/Eastern,17,Aeroflex-Andover Airport
K14Y,US/Central,4,Todd Field
K1A5,US/Eastern,10,Macon County Airport
K1H2,US/Central,8,Effingham County Memorial Airport
K1II,US/Eastern,40,
K1M4,US/Central,7,Posey Field
K1P1,US/Eastern,12,
K1V6,US/Mountain,10,Fremont County Airport
K20V,US/Mountain,3,McElroy Airfield
K21D,US/Central,171,Lake Elmo Airport
K27A,US/Eastern,17,Elbert County Airport Patz Field
K2G4,US/Eastern,21,Garrett County Airport
K2J9,US/Eastern,23,
K2W6,US/Eastern,14,St. Mary's County Regional Airport
K33V,US/Mountain,2,Walden Jackson County Airport
K36U,US/Mountain,41,
K3A1,US/Central,81,
K3A6,US/Pacific,1795,Pacific City State Airport
K3DU,US/Mountain,18,
K3I2,US/Eastern,19,Mason County Airport
K3J7,US/Eastern,15,Greene County Regional Airport
K3LF,US/Central,5,Litchfield Municipal Airport
K3R7,US/Central,8,Jennings Airport
K3TH,US/Mountain,19,
K40J,US/Eastern,3,Perry-Foley Airport
K42J,US/Eastern,15,Keystone Heights Airport
K48I,US/Eastern,16,Braxton County Airport
K4A6,US/Central,3,Scottsboro Municipal Word Field
K4A9,US/Central,5,Isbell Field
K4BL,US/Mountain,12,
K4BM,US/Mountain,7,
K4CR,US/Mountain,2,
K4HV,US/Mountain,7,
K4I3,US/Eastern,10,Knox County Airport
K4SL,US/Mountain,2,
K54J,US/Central,36,Defuniak Springs Airport
K5C1,US/Central,11,Boerne Stage Field
K5SM,US/Mountain,19,
K5T6,US/Mountain,3,Doña Ana County International Jetport
K5W8,US/Eastern,12,Siler City Municipal Airport
K65S,US/Pacific,3,Boundary County Airport
K6A1,US/Eastern,4,Butler Municipal Airport
K6A2,US/Eastern,64,Griffin Spalding County Airport
K6B0,US/Eastern,4,Middlebury State Airport
K6R3,US/Central,2,Cleveland Municipal Airport
K77M,US/Mountain,5,
K79J,US/Central,2,South Alabama Regional At Bill Benton Field Airport
K7R3,US/Central,2,
K87Q,US/Pacific,41,
K8A0,US/Central,10,Albertville Regional Airport/Thomas J Brumlik Field
K9A1,US/Eastern,147,Covington Municipal Airport
K9A4,US/Central,3,Courtland Airport
K9BB,US/Pacific,32,
K9L2,US/Pacific,9,Edwards Af Aux North Base Airport
K9MN,US/Central,59,
KAAA,US/Central,5,Logan County Airport
KAAO,US/Central,13,Colonel James Jabara Airport
KAAT,US/Pacific,21,Alturas Municipal Airport
KABE,US/Eastern,192,Lehigh Valley International Airport
KABQ,US/Mountain,130,Albuquerque International Sunport
KABY,US/Eastern,7,Southwest Georgia Regional Airport
KACB,US/Eastern,2,Antrim County Airport
KACJ,US/Eastern,3,Jimmy Carter Regional Airport
KACQ,US/Central,14,Waseca Municipal Airport
KACV,US/Pacific,52,California Redwood Coast-Humboldt County Airport
KACY,US/Eastern,79,Atlantic City International Airport
KADC,US/Central,13,Wadena Municipal Airport
KADG,US/Eastern,4,Lenawee County Airport
KADS,US/Central,612,Addison Airport
KADU,US/Central,5,Audubon County Airport
KADW,US/Eastern,139,Joint Base Andrews
KAEG,US/Mountain,16,Double Eagle II Airport
KAEL,US/Central,59,Albert Lea Municipal Airport
KAEX,US/Central,2,Alexandria International Airport
KAFF,US/Mountain,152,USAF Academy Airfield
KAFJ,US/Eastern,43,Washington County Airport
KAFN,US/Eastern,8,Jaffrey Airfield Silver Ranch Airport
KAFP,US/Eastern,3,Anson County Airport - Jeff Cloud Field
KAFW,US/Central,31,Perot Field/Fort Worth Alliance Airport
KAGC,US/Eastern,626,Allegheny County Airport
KAGS,US/Eastern,124,Augusta Regional At Bush Field
KAHN,US/Eastern,2,Athens Ben Epps Airport
KAID,US/Eastern,48,Anderson Municipal Darlington Field
KAIG,US/Central,3,Langlade County Airport
KAIK,US/Eastern,152,Aiken Regional Airport
KAIO,US/Central,15,Atlantic Municipal Airport
KAIT,US/Central,9,Aitkin Municipal Airport Steve Kurtz Field
KAJO,US/Pacific,327,Corona Municipal Airport
KAJZ,US/Mountain,3,Blake Field
KAKH,US/Eastern,48,Gastonia Municipal Airport
KAKO,US/Mountain,3,Colorado Plains Regional Airport
KAKQ,US/Eastern,10,Wakefield Municipal Airport
KAKR,US/Eastern,185,Akron Fulton International Airport
KALB,US/Eastern,806,Albany International Airport
KALN,US/Central,11,St Louis Regional Airport
KALO,US/Central,25,Waterloo Regional Airport
KALS,US/Mountain,3,San Luis Valley Regional Airport/Bergman Field
KALW,US/Pacific,9,Walla Walla Regional Airport
KALX,US/Central,4,Thomas C Russell Field
KAMA,US/Central,9,Rick Husband Amarillo International Airport
KAMN,US/Eastern,3,Gratiot Community Airport
KAMW,US/Central,30,Ames Municipal Airport
KANB,US/Central,24,Anniston Regional Airport
KAND,US/Eastern,221,Anderson Regional Airport
KANE,US/Central,445,Anoka County-Blaine (Janes Field) Airport
KANK,US/Mountain,3,Salida Airport - Harriet Alexander Field
KANQ,US/Eastern,10,Tri State Steuben County Airport
KAOH,US/Eastern,29,Lima Allen County Airport
KAOO,US/Eastern,80,Altoona Blair County Airport
KAPA,US/Mountain,504,Centennial Airport
KAPC,US/Pacific,267,Napa County Airport
KAPF,US/Eastern,74,Naples Municipal Airport
KAPG,US/Eastern,150,Phillips Army Air Field
KAQP,US/Central,2,Appleton Municipal Airport
KAQW,US/Eastern,9,Harriman and West Airport
KARB,US/Eastern,102,Ann Arbor Municipal Airport
KARR,US/Central,36,Aurora Municipal Airport
KART,US/Eastern,2,Watertown International Airport
KARW,US/Eastern,20,Beaufort Executive Airport
KASD,US/Central,14,Slidell Airport
KASE,US/Mountain,5,Aspen-Pitkin County Airport (Sardy Field)
KASG,US/Central,6,Springdale Municipal Airport
KASH,US/Eastern,47,Nashua Airport / Boire Field
KASJ,US/Eastern,7,Tri-County Airport at Henry Joyner Field
KAST,US/Pacific,74,Astoria Regional Airport
KASW,US/Eastern,6,Warsaw Municipal Airport
KATL,US/Eastern,754,Hartsfield Jackson Atlanta International Airport
KATT,US/Central,902,Central City Municipal - Larry Reineke Field
KATW,US/Central,50,Appleton International Airport
KAUD,US/Pacific,432,
KAUG,US/Eastern,9,Augusta State Airport
KAUM,US/Central,16,Austin Municipal Airport
KAUN,US/Pacific,123,Auburn Municipal Airport
KAUO,US/Central,16,Auburn University Regional Airport
KAUS,US/Central,404,Austin Bergstrom International Airport
KAUW,US/Central,10,Wausau Downtown Airport
KAVC,US/Eastern,57,Mecklenburg Brunswick Regional Airport
KAVL,US/Eastern,246,Asheville Regional Airport
KAVP,US/Eastern,112,Wilkes Barre Scranton International Airport
KAWG,US/Central,2,Washington Municipal Airport
KAWM,US/Central,44,West Memphis Municipal Airport
KAWN,US/Central,14,
KAWO,US/Pacific,102,Arlington Municipal Airport
KAXA,US/Central,5,Algona Municipal Airport
KAXH,US/Central,27,Houston Southwest Airport
KAXN,US/Central,49,Chandler Field
KAYS,US/Eastern,2,Waycross Ware County Airport
KAZC,US/Mountain,5,Colorado City Municipal Airport
KAZE,US/Eastern,3,Hazlehurst Airport
KAZO,US/Eastern,95,Kalamazoo Battle Creek International Airport
KB23,US/Pacific,17,
KBAB,US/Pacific,10,Beale Air Force Base
KBAC,US/Central,4,Barnes County Municipal Airport
KBAD,US/Central,34,Barksdale Air Force Base
KBAF,US/Eastern,13,Westfield-Barnes Regional Airport
KBAK,US/Eastern,37,Columbus Municipal Airport
KBAN,US/Pacific,21,
KBAZ,US/Central,13,New Braunfels Municipal Airport
KBBB,US/Central,3,Benson Municipal Airport
KBBP,US/Eastern,28,Marlboro County Jetport - H E Avent Field Airport
KBCB,US/Eastern,43,Virginia Tech Montgomery Executive Airport
KBCE,US/Mountain,9,Bryce Canyon Airport
KBCK,US/Central,10,Black River Falls Area Airport
KBCT,US/Eastern,132,Boca Raton Airport
KBDH,US/Central,20,Willmar Municipal Airport John L Rice Field (2006)
KBDL,US/Eastern,97,Bradley International Airport
KBDN,US/Pacific,153,Bend Municipal Airport
KBDR,US/Eastern,341,Igor I Sikorsky Memorial Airport
KBDU,US/Mountain,35,Boulder Municipal Airport
KBED,US/Eastern,493,Laurence G Hanscom Field
KBEH,US/Eastern,42,Southwest Michigan Regional Airport
KBFD,US/Eastern,26,Bradford Regional Airport
KBFI,US/Pacific,981,Boeing Field King County International Airport
KBFL,US/Pacific,442,Meadows Field
KBFM,US/Central,108,Mobile Downtown Airport
KBGD,US/Central,2,Hutchinson County Airport
KBGF,US/Eastern,11,Winchester Municipal Airport
KBGM,US/Eastern,59,Greater Binghamton/Edwin A Link field
KBGR,US/Eastern,12,Bangor International Airport
KBHB,US/Eastern,2,Hancock County-Bar Harbor Airport
KBHK,US/Mountain,2,Baker Municipal Airport
KBHM,US/Central,331,Birmingham-Shuttlesworth International Airport
KBIF,US/Mountain,24,Biggs Army Air Field (Fort Bliss)
KBIH,US/Pacific,23,Eastern Sierra Regional Airport
KBIL,US/Mountain,71,Billings Logan International Airport
KBIS,US/Central,3,Bismarck Municipal Airport
KBIV,US/Eastern,86,West Michigan Regional Airport
KBIX,US/Central,11,Keesler Air Force Base
KBJC,US/Mountain,629,Rocky Mountain Metropolitan Airport
KBJI,US/Central,23,Bemidji Regional Airport
KBJJ,US/Eastern,25,Wayne County Airport
KBKD,US/Central,3,Stephens County Airport
KBKE,US/Pacific,52,Baker City Municipal Airport
KBKF,US/Mountain,334,Buckley Space Force Base
KBKL,US/Eastern,374,Burke Lakefront Airport
KBKV,US/Eastern,146,Brooksville–Tampa Bay Regional Airport
KBKW,US/Eastern,18,Raleigh County Memorial Airport
KBLF,US/Eastern,16,Mercer County Airport
KBLH,US/Pacific,26,Blythe Airport
KBLI,US/Pacific,64,Bellingham International Airport
KBLM,US/Eastern,148,Monmouth Executive Airport
KBLU,US/Pacific,100,Blue Canyon Nyack Airport
KBLV,US/Central,10,Scott AFB/Midamerica Airport
KBMC,US/Mountain,43,Brigham City Regional Airport
KBMG,US/Eastern,20,Monroe County Airport
KBMI,US/Central,6,Central Illinois Regional Airport at Bloomington-Normal
KBMT,US/Central,2,Beaumont Municipal Airport
KBNA,US/Central,1904,Nashville International Airport
KBNL,US/Eastern,17,Barnwell Regional Airport
KBNO,US/Pacific,40,Burns Municipal Airport
KBNW,US/Central,3,Boone Municipal Airport
KBOI,US/Mountain,55,Boise Air Terminal/Gowen Field
KBOK,US/Pacific,28,Brookings Airport
KBOS,US/Eastern,600,Logan International Airport
KBOW,US/Eastern,28,Bartow Executive Airport
KBPG,US/Central,3,Big Spring Mc Mahon-Wrinkle Airport
KBQK,US/Eastern,16,Brunswick Golden Isles Airport
KBRD,US/Central,30,Brainerd Lakes Regional Airport
KBTA,US/Central,48,Blair Executive Airport
KBTL,US/Eastern,31,Battle Creek Executive Airport at Kellogg Field
KBTM,US/Mountain,38,Bert Mooney Airport
KBTP,US/Eastern,95,Pittsburgh/Butler Regional Airport
KBTR,US/Central,1106,Baton Rouge Metropolitan Airport
KBTV,US/Eastern,9,Burlington International Airport
KBUF,US/Eastern,418,Buffalo Niagara International Airport
KBUO,US/Pacific,357,
KBUR,US/Pacific,385,Hollywood Burbank Airport
KBUU,US/Central,17,Burlington Municipal Airport
KBUY,US/Eastern,41,Burlington Alamance Regional Airport
KBVI,US/Eastern,28,Beaver County Airport
KBVS,US/Pacific,34,Skagit Regional Airport
KBVU,US/Pacific,2,Boulder City Municipal Airport
KBVY,US/Eastern,157,Beverly Regional Airport
KBWG,US/Central,4,Bowling Green Warren County Regional Airport
KBWI,US/Eastern,337,Baltimore/Washington International Thurgood Marshall Airport
KBXK,US/Mountain,30,Buckeye Municipal Airport
KBYG,US/Mountain,2,Johnson County Airport
KBYH,US/Central,6,Arkansas International Airport
KBYI,US/Mountain,2,Burley Municipal Airport
KBZN,US/Mountain,89,Bozeman Yellowstone International Airport
KC09,US/Central,18,Morris Municipal Airport James R. Washburn field
KC29,US/Central,37,Middleton Municipal Morey Field
KC35,US/Central,3,Reedsburg Municipal Airport
KC75,US/Central,3,Marshall County Airport
KCAD,US/Eastern,5,Wexford County Airport
KCAE,US/Eastern,484,Columbia Metropolitan Airport
KCAG,US/Mountain,5,Craig Moffat Airport
KCAK,US/Eastern,51,Akron Canton Regional Airport
KCAV,US/Central,3,Clarion Municipal Airport
KCBE,US/Eastern,25,Greater Cumberland Regional Airport
KCBF,US/Central,16,Council Bluffs Municipal Airport
KCBG,US/Central,26,Cambridge Municipal Airport
KCCA,US/Central,2,Clinton Municipal Airport
KCCO,US/Eastern,39,Newnan Coweta County Airport
KCCR,US/Pacific,747,Buchanan Field
KCCU,US/Mountain,81,
KCCY,US/Central,5,Northeast Iowa Regional Airport
KCDC,US/Mountain,53,Cedar City Regional Airport
KCDH,US/Central,2,Harrell Field
KCDN,US/Eastern,94,Woodward Field
KCDW,US/Eastern,219,Essex County Airport
KCEC,US/Pacific,31,Jack Mc Namara Field Airport
KCEF,US/Eastern,34,Westover Metropolitan Airport / Westover Air Reserve Base
KCEU,US/Eastern,156,Oconee County Regional Airport
KCEW,US/Central,15,Bob Sikes Airport
KCEZ,US/Mountain,3,Cortez Municipal Airport
KCFE,US/Central,52,Buffalo Municipal Airport
KCFS,US/Eastern,4,Tuscola Area Airport
KCGC,US/Eastern,21,Crystal River Airport
KCGE,US/Eastern,20,Cambridge Dorchester Airport
KCGF,US/Eastern,85,Cuyahoga County Airport
KCGS,US/Eastern,499,College Park Airport
KCGZ,US/Mountain,20,Casa Grande Municipal Airport
KCHA,US/Eastern,329,Chattanooga Metropolitan Airport (Lovell Field)
KCHD,US/Mountain,110,Chandler Municipal Airport
KCHJ,US/Mountain,3,
KCHO,US/Eastern,99,Charlottesville Albemarle Airport
KCHS,US/Eastern,224,Charleston International Airport
KCIC,US/Pacific,78,Chico Regional Airport
KCID,US/Central,66,The Eastern Iowa Airport
KCIR,US/Central,2,Cairo Regional Airport
KCJR,US/Eastern,24,Culpeper Regional Airport
KCKB,US/Eastern,16,North Central West Virginia Airport
KCKF,US/Eastern,15,Crisp County Cordele Airport
KCKI,US/Eastern,47,Williamsburg Regional Airport
KCKP,US/Central,2,Cherokee County Regional Airport
KCKV,US/Central,35,Clarksville–Montgomery County Regional Airport
KCLE,US/Eastern,211,Cleveland Hopkins International Airport
KCLI,US/Central,2,Clintonville Municipal Airport
KCLL,US/Central,2,Easterwood Field
KCLM,US/Pacific,8,William R Fairchild International Airport
KCLS,US/Pacific,27,Chehalis Centralia Airport
KCLT,US/Eastern,1876,Charlotte Douglas International Airport
KCMA,US/Pacific,132,Camarillo International Airport
KCMH,US/Eastern,548,John Glenn Columbus International Airport
KCMI,US/Central,9,University of Illinois Willard Airport
KCMR,US/Mountain,46,H.A. Clark Memorial Field
KCMS,US/Mountain,6,
KCMX,US/Eastern,3,Houghton County Memorial Airport
KCMY,US/Central,5,Sparta Fort McCoy Airport
KCNC,US/Central,3,Chariton Municipal Airport
KCNI,US/Eastern,28,Cherokee County Regional Airport
KCNO,US/Pacific,84,Chino Airport
KCNW,US/Central,7,TSTC Waco Airport
KCNY,US/Mountain,17,Canyonlands Regional Airport
KCOE,US/Pacific,20,Coeur D'Alene Airport - Pappy Boyington Field
KCOF,US/Eastern,45,Patrick Space Force Base
KCON,US/Eastern,75,Concord Municipal Airport
KCOQ,US/Central,41,Cloquet Carlton County Airport
KCOS,US/Mountain,146,City of Colorado Springs Municipal Airport
KCOU,US/Central,16,Columbia Regional Airport
KCPC,US/Eastern,40,Columbus County Municipal Airport
KCPK,US/Eastern,34,Chesapeake Regional Airport
KCPR,US/Mountain,2,Casper-Natrona County International Airport
KCPS,US/Central,280,St Louis Downtown Airport
KCPW,US/Mountain,5,
KCQF,US/Central,7,H L Sonny Callahan Airport
KCQM,US/Central,5,Cook Municipal Airport
KCQT,US/Pacific,1599,Pacific Valley Aviation Airport
KCQW,US/Eastern,16,Cheraw Municipal Airport/Lynch Bellinger Field
KCQX,US/Eastern,6,Chatham Municipal Airport
KCRE,US/Eastern,55,Grand Strand Airport
KCRG,US/Eastern,103,Jacksonville Executive at Craig Airport
KCRQ,US/Pacific,297,McClellan-Palomar Airport
KCRV,US/Mountain,13,
KCRW,US/Eastern,121,Yeager Airport
KCSG,US/Eastern,18,Columbus Metropolitan Airport
KCSV,US/Central,15,Crossville Memorial Airport Whitson Field
KCTB,US/Mountain,6,Cut Bank International Airport
KCTD,US/Mountain,10,
KCTJ,US/Eastern,20,West Georgia Regional Airport / O V Gray Field
KCTY,US/Eastern,16,Cross City Airport
KCTZ,US/Eastern,8,Sampson County Airport
KCUB,US/Eastern,363,Jim Hamilton L.B. Owens Airport
KCUL,US/Central,3,Carmi Municipal Airport
KCVG,US/Eastern,233,Cincinnati Northern Kentucky International Airport
KCVH,US/Pacific,75,Hollister Municipal Airport
KCVO,US/Pacific,101,Corvallis Municipal Airport
KCVX,US/Eastern,2,Charlevoix Municipal Airport
KCWA,US/Central,3,Central Wisconsin Airport
KCWC,US/Central,38,Kickapoo Downtown Airport
KCWF,US/Central,19,Chennault International Airport
KCWI,US/Central,6,Clinton Municipal Airport
KCWV,US/Eastern,3,Claxton Evans County Airport
KCXO,US/Central,13,Conroe-North Houston Regional Airport
KCXP,US/Pacific,56,Carson Airport
KCXY,US/Eastern,349,Capital City Airport
KCYS,US/Mountain,6,Cheyenne Regional Jerry Olson Field
KCZK,US/Pacific,115,Cascade Locks State Airport
KD39,US/Central,31,Sauk Centre Municipal Airport
KD95,US/Eastern,39,Dupont-Lapeer Airport
KDAA,US/Eastern,507,Davison Army Air Field
KDAB,US/Eastern,21,Daytona Beach International Airport
KDAG,US/Pacific,23,Barstow Daggett Airport
KDAL,US/Central,1204,Dallas Love Field
KDAN,US/Eastern,40,Danville Regional Airport
KDAW,US/Eastern,29,Skyhaven Airport
KDAY,US/Eastern,450,James M Cox Dayton International Airport
KDBN,US/Eastern,3,W H 'Bud' Barron Airport
KDBQ,US/Central,3,Dubuque Regional Airport
KDCA,US/Eastern,912,Ronald Reagan Washington National Airport
KDCM,US/Eastern,27,Chester Catawba Regional Airport
KDCU,US/Central,63,Pryor Field Regional Airport
KDCY,US/Eastern,4,Daviess County Airport
KDDC,US/Central,4,Dodge City Regional Airport
KDDH,US/Eastern,15,William H Morse State Airport
KDEC,US/Central,8,Decatur Airport
KDED,US/Eastern,37,Deland Municipal Sidney H Taylor Field
KDEH,US/Central,5,Decorah Municipal Airport
KDEN,US/Mountain,65,Denver International Airport
KDEQ,US/Central,2,J Lynn Helms Sevier County Airport
KDET,US/Eastern,1376,Coleman A. Young Municipal Airport
KDEW,US/Pacific,6,Deer Park Airport
KDFI,US/Eastern,8,Defiance Memorial Airport
KDFW,US/Central,206,Dallas Fort Worth International Airport
KDGW,US/Mountain,2,Converse County Airport
KDHN,US/Central,33,Dothan Regional Airport
KDKB,US/Central,25,DeKalb Taylor Municipal Airport
KDKK,US/Eastern,52,Chautauqua County-Dunkirk Airport
KDLH,US/Central,14,Duluth International Airport
KDLL,US/Central,22,Baraboo Wisconsin Dells Regional Airport
KDLN,US/Mountain,8,Dillon Airport
KDLS,US/Pacific,88,Columbia Gorge Regional Airport
KDLZ,US/Eastern,105,Delaware Municipal Airport
KDMA,US/Mountain,356,Davis Monthan Air Force Base
KDMN,US/Mountain,4,Deming Municipal Airport
KDMO,US/Central,2,Sedalia Memorial Airport
KDMW,US/Eastern,63,Carroll County Regional Jack B Poage Field
KDNL,US/Eastern,166,Daniel Field
KDNN,US/Eastern,20,Dalton Municipal Airport
KDNV,US/Central,9,Vermilion Regional Airport
KDOV,US/Eastern,21,Dover Air Force Base
KDPA,US/Central,1513,Dupage Airport
KDPG,US/Mountain,4,Michael AAF (Dugway Proving Ground) Airport
KDPL,US/Eastern,4,Duplin County Airport
KDRA,US/Pacific,3,Desert Rock Airport
KDRO,US/Mountain,4,Durango La Plata County Airport
KDSM,US/Central,250,Des Moines International Airport
KDSV,US/Eastern,7,Dansville Municipal Airport
KDTL,US/Central,9,Detroit Lakes Airport
KDTN,US/Central,94,Shreveport Downtown Airport
KDTO,US/Central,59,Denton Enterprise Airport
KDTS,US/Central,21,Destin Executive Airport
KDTW,US/Eastern,295,Detroit Metropolitan Wayne County Airport
KDUH,US/Eastern,89,Toledo Suburban Airport
KDUJ,US/Eastern,87,DuBois Regional Airport
KDVN,US/Central,25,Davenport Municipal Airport
KDVO,US/Pacific,157,Marin County Airport - Gnoss Field
KDVP,US/Central,5,Slayton Municipal Airport
KDVT,US/Mountain,257,Phoenix Deer Valley Airport
KDWH,US/Central,122,David Wayne Hooks Memorial Airport
KDXR,US/Eastern,353,Danbury Municipal Airport
KDYA,US/Central,6,Demopolis Municipal Airport
KDYB,US/Eastern,147,Summerville Airport
KDYL,US/Eastern,50,Doylestown Airport
KDYR,US/Central,4,Dyersburg Regional Airport
KDYT,US/Central,14,Sky Harbor Airport
KDZJ,US/Eastern,10,Blairsville Airport
KE11,US/Central,2,Andrews County Airport
KE16,US/Pacific,89,San Martin Airport
KE33,US/Mountain,2,
KEAT,US/Pacific,6,Pangborn Memorial Airport
KEAU,US/Central,28,Chippewa Valley Regional Airport
KEBS,US/Central,5,Webster City Municipal Airport
KECP,US/Eastern,20,Northwest Florida Beaches International Airport
KEDC,US/Central,192,Austin Executive Airport
KEDJ,US/Eastern,13,Bellefontaine Regional Airport
KEDU,US/Pacific,116,University Airport
KEDW,US/Pacific,2,Edwards Air Force Base
KEED,US/Pacific,9,Needles Airport
KEEN,US/Eastern,22,Dillant Hopkins Airport
KEEO,US/Mountain,2,Meeker Airport
KEET,US/Central,113,Shelby County Airport
KEFD,US/Central,70,Ellington Airport
KEFK,US/Eastern,2,Northeast Kingdom International Airport
KEFT,US/Central,5,Monroe Municipal Airport
KEGE,US/Mountain,25,Eagle County Regional Airport
KEHO,US/Eastern,127,Shelby-Cleveland County Regional Airport
KEHY,US/Mountain,2,
KEIK,US/Mountain,50,Erie Municipal Airport
KEKA,US/Pacific,41,Murray Field
KEKM,US/Eastern,8,Elkhart Municipal Airport
KEKO,US/Pacific,14,Elko Regional Airport
KELD,US/Central,3,South Arkansas Regional Airport at Goodwin Field
KELM,US/Eastern,38,Elmira Corning Regional Airport
KELN,US/Pacific,4,Bowers Field
KELO,US/Central,4,Ely Municipal Airport
KELP,US/Mountain,222,El Paso International Airport
KELY,US/Pacific,9,Ely Airport Yelland Field
KELZ,US/Eastern,9,Wellsville Municipal Airport - Tarantine Field
KEMT,US/Pacific,863,San Gabriel Valley Airport
KEMV,US/Eastern,20,Emporia Greensville Regional Airport
KENL,US/Central,2,Centralia Municipal Airport
KENV,US/Mountain,4,Wendover Airport
KENW,US/Central,76,Kenosha Regional Airport
KEOE,US/Eastern,78,Newberry County Airport
KEOK,US/Central,2,Keokuk Municipal Airport
KEPH,US/Pacific,4,Ephrata Municipal Airport
KEPZ,US/Mountain,2,
KEQY,US/Eastern,318,Charlotte-Monroe Executive Airport
KERI,US/Eastern,32,Erie International Tom Ridge Field
KERY,US/Eastern,7,Luce County Airport
KESN,US/Eastern,18,Easton Airport / Newnam Field
KETB,US/Central,33,West Bend Municipal Airport
KETC,US/Eastern,6,Tarboro Edgecombe Airport
KEUF,US/Central,3,Weedon Field
KEUG,US/Pacific,295,Mahlon Sweet Field
KEUL,US/Mountain,8,Caldwell Executive Airport
KEVB,US/Eastern,17,New Smyrna Beach Municipal Airport
KEVM,US/Central,25,Eveleth–Virginia Municipal Airport
KEVV,US/Central,10,Evansville Regional Airport
KEVW,US/Mountain,8,Evanston-Uinta County Airport-Burns Field
KEWB,US/Eastern,22,New Bedford Regional Airport
KEWN,US/Eastern,6,Coastal Carolina Regional Airport
KEWR,US/Eastern,678,Newark Liberty International Airport
KEXX,US/Eastern,19,Davidson County Executive Airport
KEYE,US/Eastern,447,Eagle Creek Airpark
KEYF,US/Eastern,4,Curtis L Brown Jr Field
KEZF,US/Eastern,162,Shannon Airport
KEZM,US/Eastern,9,Heart of Georgia Regional Airport
KEZS,US/Central,2,Shawano Municipal Airport
KF46,US/Central,34,Rockwall Municipal Airport
KF70,US/Pacific,229,French Valley Airport
KFAF,US/Eastern,17,Felker Army Air Field
KFAM,US/Central,2,Farmington Regional Airport
KFAR,US/Central,24,Hector International Airport
KFAT,US/Pacific,490,Fresno Yosemite International Airport
KFAY,US/Eastern,26,Fayetteville Regional Airport - Grannis Field
KFBG,US/Eastern,11,Simmons Army Air Field
KFBL,US/Central,35,Faribault Municipal Airport-Liz Wall Strohfus Field
KFBR,US/Mountain,3,Fort Bridger Airport
KFCI,US/Eastern,387,Richmond Executive-Chesterfield County Airport
KFCM,US/Central,470,Flying Cloud Airport
KFCS,US/Mountain,31,Butts AAF (Fort Carson) Air Field
KFDK,US/Eastern,253,Frederick Municipal Airport
KFDW,US/Eastern,150,Fairfield County Airport
KFDY,US/Eastern,21,Findlay Airport
KFEP,US/Central,2,Albertus Airport
KFET,US/Central,7,Fremont Municipal Airport
KFEW,US/Mountain,17,Francis E Warren Air Force Base
KFFC,US/Eastern,25,Peachtree City Falcon Field
KFFM,US/Central,5,Fergus Falls Municipal Airport - Einar Mickelson Field
KFFO,US/Eastern,376,Wright-Patterson Air Force Base
KFFT,US/Eastern,13,Capital City Airport
KFFX,US/Eastern,9,Fremont Municipal Airport
KFFZ,US/Mountain,76,Falcon Field
KFHB,US/Eastern,18,Fernandina Beach Municipal Airport
KFHU,US/Mountain,2,Sierra Vista Municipal Airport / Libby Army Air Field
KFIG,US/Eastern,108,Clearfield Lawrence Airport
KFIT,US/Eastern,44,Fitchburg Municipal Airport
KFKA,US/Central,23,Fillmore County Airport
KFKL,US/Eastern,24,Venango Regional Airport
KFKN,US/Eastern,20,Franklin Regional Airport
KFKS,US/Eastern,2,Frankfort Dow Memorial Field
KFLD,US/Central,9,Fond du Lac County Airport
KFLG,US/Mountain,61,Flagstaff Pulliam International Airport
KFLL,US/Eastern,272,Fort Lauderdale Hollywood International Airport
KFLO,US/Eastern,176,Florence Regional Airport
KFLY,US/Mountain,4,Meadow Lake Airport
KFME,US/Eastern,155,Tipton Airport
KFMH,US/Eastern,14,Cape Cod Coast Guard Air Station
KFMM,US/Mountain,10,Fort Morgan Municipal Airport
KFMY,US/Eastern,170,Page Field
KFNL,US/Mountain,95,Northern Colorado Regional Airport
KFNT,US/Eastern,2308,Bishop International Airport
KFOD,US/Central,2,Fort Dodge Regional Airport
KFOK,US/Eastern,27,Francis S Gabreski Airport
KFOT,US/Pacific,19,Rohnerville Airport
KFPK,US/Eastern,15,Fitch H Beach Airport
KFPR,US/Eastern,25,St Lucie County International Airport
KFQD,US/Eastern,22,Rutherford County Marchman Field
KFRG,US/Eastern,560,Republic Airport
KFRM,US/Central,18,Fairmont Municipal Airport
KFSD,US/Central,5,Sioux Falls Regional Airport / Joe Foss Field
KFSE,US/Central,6,Fosston Municipal Airport-Anderson Field
KFSK,US/Central,2,Fort Scott Municipal Airport
KFSM,US/Central,22,Fort Smith Regional Airport
KFSO,US/Eastern,3,Franklin County State Airport
KFST,US/Central,3,Fort Stockton Pecos County Airport
KFTG,US/Mountain,4,Colorado Air and Space Port
KFTK,US/Eastern,4,Godman Army Air Field
KFTW,US/Central,78,Fort Worth Meacham International Airport
KFTY,US/Eastern,469,Fulton County Airport Brown Field
KFUL,US/Pacific,852,Fullerton Municipal Airport
KFVX,US/Eastern,43,Farmville Regional Airport
KFWA,US/Eastern,31,Fort Wayne International Airport
KFWD,US/Central,219,
KFWN,US/Eastern,22,Sussex Airport
KFWS,US/Central,124,Fort Worth Spinks Airport
KFXE,US/Eastern,175,Fort Lauderdale Executive Airport
KFYG,US/Central,18,Washington Regional Airport
KFYJ,US/Eastern,53,Middle Peninsula Regional Airport
KFYV,US/Central,12,Drake Field
KFZG,US/Eastern,2,Fitzgerald Municipal Airport
KFZY,US/Eastern,29,Oswego County Airport
KGAD,US/Central,23,Northeast Alabama Regional Airport
KGAI,US/Eastern,226,Montgomery County Airpark
KGBG,US/Central,4,Galesburg Municipal Airport
KGBN,US/Mountain,5,Gila Bend Air Force Auxiliary Airport
KGCD,US/Pacific,35,Grant County Regional Airport / Ogilvie Field
KGCM,US/Central,3,Claremore Regional Airport
KGCN,US/Mountain,3,Grand Canyon National Park Airport
KGDB,US/Central,9,Granite Falls Municipal Airport / Lenzen-Roe Memorial Field
KGDJ,US/Central,8,Granbury Regional Airport
KGDV,US/Mountain,8,Dawson Community Airport
KGED,US/Eastern,11,Delaware Coastal Airport
KGEG,US/Pacific,39,Spokane International Airport
KGEU,US/Mountain,257,Glendale Municipal Airport
KGEV,US/Eastern,5,Ashe County Airport
KGEZ,US/Eastern,22,Shelbyville Municipal Airport
KGFK,US/Central,5,Grand Forks International Airport
KGFL,US/Eastern,109,Floyd Bennett Memorial Airport
KGGE,US/Eastern,34,Georgetown County Airport
KGGG,US/Central,6,East Texas Regional Airport
KGGI,US/Central,11,Grinnell Regional Airport
KGGP,US/Eastern,3,Logansport Cass County Airport
KGGW,US/Mountain,2,Glasgow Valley County Airport Wokal Field
KGHG,US/Eastern,24,Marshfield Municipal George Harlow Field
KGHW,US/Central,2,Glenwood Municipal Airport
KGIF,US/Eastern,21,Winter Haven Regional Airport - Gilbert Field
KGJT,US/Mountain,20,Grand Junction Regional Airport
KGKJ,US/Eastern,7,Port Meadville Airport
KGKY,US/Central,69,Arlington Municipal Airport
KGLR,US/Eastern,2,Gaylord Regional Airport
KGLS,US/Central,7,Scholes International At Galveston Airport
KGLW,US/Central,7,Glasgow Municipal Airport
KGMU,US/Eastern,554,Greenville Downtown Airport
KGNT,US/Mountain,8,Grants-Milan Municipal Airport
KGNV,US/Eastern,87,Gainesville Regional Airport
KGOK,US/Central,6,Guthrie-Edmond Regional Airport
KGON,US/Eastern,66,Groton New London Airport
KGOO,US/Pacific,131,Nevada County Airport
KGOV,US/Eastern,3,Grayling Army Air Field
KGPH,US/Central,43,Midwest National Air Center Airport
KGPI,US/Mountain,48,Glacier Park International Airport
KGPM,US/Central,128,Grand Prairie Municipal Airport
KGPT,US/Central,7,Gulfport Biloxi International Airport
KGPZ,US/Central,36,Grand Rapids Itasca Co-Gordon Newstrom field
KGRB,US/Central,61,Austin Straubel International Airport
KGRD,US/Eastern,98,Greenwood County Airport
KGRF,US/Pacific,59,Gray Army Air Field
KGRR,US/Eastern,1319,Gerald R. Ford International Airport
KGSB,US/Eastern,5,Seymour Johnson Air Force Base
KGSH,US/Eastern,8,Goshen Municipal Airport
KGSO,US/Eastern,155,Piedmont Triad International Airport
KGSP,US/Eastern,331,Greenville Spartanburg International Airport
KGTB,US/Eastern,3,Wheeler Sack Army Air Field
KGTF,US/Mountain,17,Great Falls International Airport
KGTU,US/Central,15,Georgetown Executive Airport at Johnny Gantt Field
KGUP,US/Mountain,5,Gallup Municipal Airport
KGUS,US/Eastern,8,Grissom Air Reserve Base
KGVL,US/Eastern,30,Lee Gilmer Memorial Airport
KGVT,US/Central,2,Majors Airport
KGWB,US/Eastern,15,De Kalb County Airport
KGWW,US/Eastern,6,Wayne Executive Jetport
KGXA,US/Pacific,55,
KGXY,US/Mountain,11,Greeley–Weld County Airport
KGYH,US/Eastern,418,Donaldson Field Airport
KGYL,US/Central,38,Glencoe Municipal Airport
KGYR,US/Mountain,55,Phoenix Goodyear Airport
KGYY,US/Central,163,Gary Chicago International Airport
KGZH,US/Central,4,Evergreen Regional Airport/Middleton Field
KH21,US/Central,14,Camdenton Memorial Airport
KHAF,US/Pacific,22,Half Moon Bay Airport
KHAI,US/Eastern,12,Three Rivers Municipal Dr Haines Airport
KHAO,US/Eastern,129,Butler Co Regional Airport - Hogan Field
KHBG,US/Central,40,Hattiesburg Bobby L Chain Municipal Airport
KHBI,US/Eastern,15,Asheboro Regional Airport
KHCD,US/Central,17,Hutchinson Municipal Butler Field
KHDC,US/Central,26,Hammond Northshore Regional Airport
KHDN,US/Mountain,3,Yampa Valley Airport
KHEF,US/Eastern,129,Manassas Regional Airport/Harry P. Davis Field
KHEY,US/Central,4,Hanchey Army (Fort Rucker) Heliport
KHFD,US/Eastern,492,Hartford Brainard Airport
KHFF,US/Eastern,6,Mackall Army Air Field
KHFJ,US/Central,4,Monett Regional Airport
KHGR,US/Eastern,136,Hagerstown Regional Richard A Henson Field
KHHR,US/Pacific,803,Jack Northrop Field Hawthorne Municipal Airport
KHIB,US/Central,14,Range Regional Airport
KHIE,US/Eastern,4,Mount Washington Regional Airport
KHIF,US/Mountain,157,Hill Air Force Base
KHIO,US/Pacific,142,Portland Hillsboro Airport
KHJH,US/Central,3,Hebron Municipal Airport
KHJO,US/Pacific,78,Hanford Municipal Airport
KHKA,US/Central,4,Blytheville Municipal Airport
KHKS,US/Central,62,Hawkins Field
KHKY,US/Eastern,28,Hickory Regional Airport
KHLG,US/Eastern,28,Wheeling Ohio County Airport
KHLN,US/Mountain,33,Helena Regional Airport
KHLX,US/Eastern,49,Twin County Airport
KHMM,US/Mountain,17,
KHMZ,US/Eastern,34,Bedford County Airport
KHNB,US/Eastern,11,Huntingburg Airport
KHND,US/Pacific,5,Henderson Executive Airport
KHNR,US/Central,18,Harlan Municipal Airport
KHNZ,US/Eastern,14,Henderson Oxford Airport
KHOE,US/Eastern,3,Homerville Airport
KHOP,US/Central,2,Campbell Army Airfield (Fort Campbell)
KHOT,US/Central,17,Memorial Field Airport
KHOU,US/Central,274,William P Hobby Airport
KHPN,US/Eastern,1462,Westchester County Airport
KHQM,US/Pacific,11,Bowerman Airport
KHQU,US/Eastern,11,Thomson-McDuffie County Airport
KHQZ,US/Central,335,Mesquite Metro Airport
KHRI,US/Pacific,79,Hermiston Municipal Airport
KHRJ,US/Eastern,74,Harnett Regional Jetport Airport
KHRT,US/Central,35,Hurlburt Field
KHRX,US/Central,2,Hereford Municipal Airport
KHSA,US/Central,3,Stennis International Airport
KHSP,US/Eastern,51,Ingalls Field
KHST,US/Eastern,164,Homestead ARB Airport
KHSV,US/Central,29,Huntsville International Carl T Jones Field
KHTL,US/Eastern,6,Roscommon County - Blodgett Memorial Airport
KHTO,US/Eastern,6,Town of East Hampton Airport
KHTS,US/Eastern,43,Tri-State Airport / Milton J. Ferguson Field
KHUA,US/Central,140,Redstone Army Air Field
KHUF,US/Eastern,19,"Terre Haute Regional Airport, Hulman Field"
KHUM,US/Central,7,Houma Terrebonne Airport
KHVN,US/Eastern,195,Tweed New Haven Airport
KHVR,US/Mountain,7,Havre City County Airport
KHVS,US/Eastern,58,Hartsville Regional Airport
KHWD,US/Pacific,468,Hayward Executive Airport
KHWO,US/Eastern,483,North Perry Airport
KHWV,US/Eastern,50,Brookhaven Calabro Airport
KHWY,US/Eastern,33,Warrenton Fauquier Airport
KHXD,US/Eastern,29,Hilton Head Airport
KHYA,US/Eastern,14,Cape Cod Gateway Airport
KHYI,US/Central,19,San Marcos Regional Airport
KHYR,US/Central,2,Sawyer County Airport
KHYW,US/Eastern,128,Conway Horry County Airport
KHYX,US/Eastern,47,Saginaw County H.W. Browne Airport
KHZX,US/Central,8,Isedor Iverson Airport
KHZY,US/Eastern,13,Northeast Ohio Regional Airport
KI69,US/Eastern,58,Clermont County Airport
KI75,US/Central,12,Osceola Municipal Airport
KIAB,US/Central,8,McConnell Air Force Base
KIAD,US/Eastern,530,Washington Dulles International Airport
KIAG,US/Eastern,45,Niagara Falls International Airport
KIAH,US/Central,324,George Bush Intercontinental Houston Airport
KICL,US/Central,2,Schenck Field
KICT,US/Central,7,Wichita Eisenhower National Airport
KIDA,US/Mountain,5,Idaho Falls Regional Airport
KIDI,US/Eastern,12,Indiana County–Jimmy Stewart Airport
KIDV,US/Mountain,4,
KIER,US/Central,2,Natchitoches Regional Airport
KIFA,US/Central,7,Iowa Falls Municipal Airport
KIFP,US/Mountain,5,Laughlin Bullhead International Airport
KIGM,US/Mountain,22,Kingman Airport
KIGQ,US/Central,252,Lansing Municipal Airport
KIGX,US/Eastern,64,
KIIB,US/Central,2,Independence Municipal Airport
KIIY,US/Eastern,7,Washington Wilkes County Airport
KIJD,US/Eastern,74,Windham Airport
KIJX,US/Central,5,Jacksonville Municipal Airport
KIKK,US/Central,18,Greater Kankakee Airport
KIKV,US/Central,145,Ankeny Regional Airport
KIKW,US/Eastern,14,Jack Barstow Airport
KILG,US/Eastern,307,Wilmington Airport
KILM,US/Eastern,42,Wilmington International Airport
KILN,US/Eastern,27,Wilmington Airpark
KIMM,US/Eastern,40,Immokalee Regional Airport
KIMT,US/Central,3,Ford Airport
KIND,US/Eastern,373,Indianapolis International Airport
KINF,US/Eastern,19,Inverness Airport
KINJ,US/Central,7,Hillsboro Municipal Airport
KINK,US/Central,3,Winkler County Airport
KINL,US/Central,3,Falls International Airport
KINT,US/Eastern,94,Smith Reynolds Airport
KINW,US/Mountain,10,Winslow Lindbergh Regional Airport
KIOB,US/Eastern,5,Mount Sterling Montgomery County Airport
KIOW,US/Central,51,Iowa City Municipal Airport
KIPJ,US/Eastern,18,Lincolnton Lincoln County Regional Airport
KIPT,US/Eastern,123,Williamsport Regional Airport
KIRS,US/Eastern,12,Kirsch Municipal Airport
KISM,US/Eastern,303,Kissimmee Gateway Airport
KISO,US/Eastern,7,Kinston Regional Jetport At Stallings Field
KISP,US/Eastern,307,Long Island Mac Arthur Airport
KISW,US/Central,2,Alexander Field South Wood County Airport
KITH,US/Eastern,3,Ithaca Tompkins Regional Airport
KITR,US/Mountain,15,Kit Carson County Airport
KIWA,US/Mountain,46,Mesa Gateway Airport
KIWI,US/Eastern,2,Wiscasset Airport
KIXA,US/Eastern,11,Halifax-Northampton Regional Airport
KIXD,US/Central,48,New Century AirCenter Airport
KIYK,US/Pacific,18,Inyokern Airport
KIZA,US/Pacific,16,Santa Ynez Airport
KJAC,US/Mountain,3,Jackson Hole Airport
KJAN,US/Central,44,Jackson-Medgar Wiley Evers International Airport
KJAX,US/Eastern,162,Jacksonville International Airport
KJBR,US/Central,14,Jonesboro Municipal Airport
KJEF,US/Central,3,Jefferson City Memorial Airport
KJER,US/Mountain,11,Jerome County Airport
KJFK,US/Eastern,567,John F Kennedy International Airport
KJFX,US/Central,17,Walker County Airport Bevill Field
KJFZ,US/Eastern,12,Tazewell County Airport
KJGG,US/Eastern,35,Williamsburg Jamestown Airport
KJHW,US/Eastern,15,Chautauqua County-Jamestown Airport
KJKJ,US/Central,2,Moorhead Municipal Airport
KJLN,US/Central,4,Joplin Regional Airport
KJMR,US/Central,13,Mora Municipal Airport
KJMS,US/Central,5,Jamestown Regional Airport
KJNW,US/Pacific,31,
KJNX,US/Eastern,44,Johnston Regional Airport
KJOT,US/Central,80,Joliet Regional Airport
KJQF,US/Eastern,533,Concord-Padgett Regional Airport
KJRB,US/Eastern,421,Downtown Manhattan Heliport
KJST,US/Eastern,90,John Murtha Johnstown Cambria County Airport
KJVL,US/Central,57,Southern Wisconsin Regional Airport
KJWY,US/Central,12,Mid-Way Regional Airport
KJXN,US/Eastern,57,Jackson County Airport/Reynolds Field
KJYG,US/Central,8,St James Municipal Airport
KJYL,US/Eastern,8,Plantation Airpark
KJYM,US/Eastern,2,Hillsdale Municipal Airport
KJYO,US/Eastern,209,Leesburg Executive Airport
KJZI,US/Eastern,21,Charleston Executive Airport
KK22,US/Eastern,4,Big Sandy Regional Airport
KKLS,US/Pacific,60,Southwest Washington Regional Airport
KL35,US/Pacific,31,Big Bear City Airport
KL38,US/Central,47,Louisiana Regional Airport
KLAA,US/Mountain,6,Southeast Colorado Regional Airport
KLAF,US/Eastern,24,Purdue University Airport
KLAL,US/Eastern,30,Lakeland Linder International Airport
KLAN,US/Eastern,92,Capital City Airport
KLAR,US/Mountain,14,Laramie Regional Airport
KLAS,US/Pacific,11,Harry Reid International Airport
KLAX,US/Pacific,123,Los Angeles International Airport
KLBE,US/Eastern,132,Arnold Palmer Regional Airport
KLBF,US/Central,4,North Platte Regional Airport Lee Bird Field
KLBR,US/Central,3,Clarksville Red River City-J D Trissell Field
KLBT,US/Eastern,8,Lumberton Regional Airport
KLBX,US/Central,9,Texas Gulf Coast Regional Airport
KLCI,US/Eastern,36,Laconia Municipal Airport
KLCK,US/Eastern,82,Rickenbacker International Airport
KLCQ,US/Eastern,61,Lake City Gateway Airport
KLDJ,US/Eastern,504,Linden Airport
KLEB,US/Eastern,15,Lebanon Municipal Airport
KLEE,US/Eastern,64,Leesburg International Airport
KLEW,US/Eastern,11,Auburn Lewiston Municipal Airport
KLEX,US/Eastern,132,Blue Grass Airport
KLFI,US/Eastern,86,Langley Air Force Base
KLFK,US/Central,3,Angelina County Airport
KLFT,US/Central,147,Lafayette Regional Airport
KLGA,US/Eastern,1814,LaGuardia Airport
KLGB,US/Pacific,531,Long Beach Airport (Daugherty Field)
KLGC,US/Eastern,15,LaGrange Callaway Airport
KLGD,US/Pacific,79,La Grande/Union County Airport
KLGU,US/Mountain,5,Logan-Cache Airport
KLHM,US/Pacific,78,Lincoln Regional Karl Harder Field
KLHQ,US/Eastern,34,Fairfield County Airport
KLHW,US/Eastern,9,MidCoast Regional Airport at Wright Army Airfield
KLHX,US/Mountain,8,La Junta Municipal Airport
KLHZ,US/Eastern,171,Triangle North Executive Airport
KLIC,US/Mountain,10,Limon Municipal Airport
KLIT,US/Central,76,Bill & Hillary Clinton National Airport/Adams Field
KLJF,US/Central,11,Litchfield Municipal Airport
KLKR,US/Eastern,62,Lancaster County-Mc Whirter Field
KLKU,US/Eastern,18,Louisa County Airport / Freeman Field
KLKV,US/Pacific,20,Lake County Airport
KLLQ,US/Central,9,Monticello Municipal Ellis Field
KLMO,US/Mountain,29,Vance Brand Airport
KLMT,US/Pacific,145,Crater Lake-Klamath Regional Airport
KLNC,US/Central,37,Lancaster Airport
KLNK,US/Central,15,Lincoln Airport
KLNP,US/Eastern,5,Lonesome Pine Airport
KLNR,US/Central,2,Tri-County Regional Airport
KLNS,US/Eastern,774,Lancaster Airport
KLOL,US/Pacific,2,Derby Field
KLOM,US/Eastern,1235,Wings Field
KLOR,US/Central,7,Lowe AHP (Fort Rucker) Heliport
KLOT,US/Central,310,Lewis University Airport
KLOU,US/Eastern,268,Bowman Field
KLOZ,US/Eastern,4,London-Corbin Airport/Magee Field
KLPC,US/Pacific,22,Lompoc Airport
KLPR,US/Eastern,31,Lorain County Regional Airport
KLQK,US/Eastern,89,Pickens County Airport
KLRD,US/Central,2,Laredo International Airport
KLRF,US/Central,19,Little Rock Air Force Base
KLRJ,US/Central,2,Le Mars Municipal Airport
KLRO,US/Eastern,11,Mount Pleasant Regional Airport Faison Field
KLRU,US/Mountain,5,Las Cruces International Airport
KLSE,US/Central,25,La Crosse Regional Airport
KLSF,US/Eastern,7,Lawson Army Air Field
KLSV,US/Pacific,5,Nellis Air Force Base
KLUA,US/Eastern,81,Luray Caverns Airport
KLUF,US/Mountain,42,Luke Air Force Base
KLUK,US/Eastern,381,Cincinnati Municipal Airport Lunken Field
KLUM,US/Central,16,Menomonie Municipal Score Field
KLUX,US/Eastern,100,Laurens County Airport
KLVJ,US/Central,15,Pearland Regional Airport
KLVK,US/Pacific,483,Livermore Municipal Airport
KLVM,US/Mountain,50,Mission Field
KLVN,US/Central,104,Airlake Airport
KLVS,US/Mountain,5,Las Vegas Municipal Airport
KLWA,US/Eastern,17,South Haven Area Regional Airport
KLWB,US/Eastern,6,Greenbrier Valley Airport
KLWC,US/Central,3,Lawrence Municipal Airport
KLWD,US/Central,2,Lamoni Municipal Airport
KLWM,US/Eastern,243,Lawrence Municipal Airport
KLWS,US/Pacific,3,Lewiston Nez Perce County Airport
KLWT,US/Mountain,9,Lewistown Municipal Airport
KLWV,US/Central,2,Lawrenceville Vincennes International Airport
KLXL,US/Central,30,Little Falls-Morrison County-Lindbergh field
KLXT,US/Central,254,Lee's Summit Municipal Airport
KLXV,US/Mountain,21,Lake County Airport
KLYH,US/Eastern,61,Lynchburg Regional Airport - Preston Glenn Field
KLYV,US/Central,18,Quentin Aanenson Airfield - Luverne Municipal Airport
KLZK,US/Central,28,
KLZU,US/Eastern,127,Gwinnett County Briscoe Field
KM16,US/Central,15,John Bell Williams Airport
KM19,US/Central,4,Newport Regional Airport
KM30,US/Central,2,Metropolis Municipal Airport
KM46,US/Mountain,17,Colstrip Airport
KM89,US/Central,5,Dexter B Florence Memorial Field
KMAE,US/Pacific,155,Madera Municipal Airport
KMAI,US/Central,27,Marianna Municipal Airport
KMAN,US/Mountain,73,Nampa Municipal Airport
KMAO,US/Eastern,85,Marion County Airport
KMBS,US/Eastern,21,MBS International Airport
KMCC,US/Pacific,770,McClellan Airfield
KMCE,US/Pacific,109,Merced Regional Macready Field
KMCF,US/Eastern,42,MacDill Air Force Base
KMCI,US/Central,43,Kansas City International Airport
KMCJ,US/Central,1283,Salina Municipal Airport
KMCN,US/Eastern,72,Middle Georgia Regional Airport
KMCO,US/Eastern,534,Orlando International Airport
KMCW,US/Central,8,Mason City Municipal Airport
KMDD,US/Central,2,Midland Airpark
KMDQ,US/Central,53,Madison County Executive Airport-Tom Sharp Jr Field
KMDT,US/Eastern,155,Harrisburg International Airport
KMDW,US/Central,1796,Chicago Midway International Airport
KMEB,US/Eastern,6,Laurinburg Maxton Airport
KMEH,US/Pacific,12,
KMEI,US/Central,9,Key Field / Meridian Regional Airport
KMEM,US/Central,226,Memphis International Airport
KMER,US/Pacific,108,Castle Airport
KMEZ,US/Central,2,Mena Intermountain Municipal Airport
KMFD,US/Eastern,26,Mansfield Lahm Regional Airport
KMFE,US/Central,2,McAllen Miller International Airport
KMFI,US/Central,3,Marshfield Municipal Airport
KMFR,US/Pacific,182,Rogue Valley International Medford Airport
KMFV,US/Eastern,7,Accomack County Airport
KMGC,US/Central,17,Michigan City Municipal Airport
KMGE,US/Eastern,223,Dobbins Air Reserve Base
KMGG,US/Central,72,Maple Lake Municipal Airport
KMGJ,US/Eastern,40,Orange County Airport
KMGM,US/Central,10,Montgomery Regional (Dannelly Field) Airport
KMGW,US/Eastern,35,Morgantown Municipal Airport Walter L. (Bill) Hart Field
KMGY,US/Eastern,351,Dayton-Wright Brothers Airport
KMHR,US/Pacific,385,Sacramento Mather Airport
KMHS,US/Pacific,39,
KMHT,US/Eastern,110,Manchester-Boston Regional Airport
KMHV,US/Pacific,23,Mojave Airport
KMIA,US/Eastern,1099,Miami International Airport
KMIC,US/Central,803,Crystal Airport
KMIE,US/Eastern,36,Delaware County Johnson Field
KMIV,US/Eastern,30,Millville Municipal Airport
KMIW,US/Central,4,Marshalltown Municipal Airport
KMJQ,US/Central,22,Jackson Municipal Airport
KMJX,US/Eastern,40,Ocean County Airport
KMKC,US/Central,416,Charles B. Wheeler Downtown Airport
KMKE,US/Central,248,General Mitchell International Airport
KMKG,US/Eastern,55,Muskegon County Airport
KMKJ,US/Eastern,32,Mountain Empire Airport
KMKL,US/Central,10,McKellar-Sipes Regional Airport
KMKS,US/Eastern,62,Berkeley County Airport
KMKT,US/Central,87,Mankato Regional Airport
KMKY,US/Eastern,7,Marco Island Executive Airport
KMLB,US/Eastern,68,Melbourne Orlando International Airport
KMLD,US/Mountain,31,Malad City Airport
KMLE,US/Central,613,Millard Airport
KMLF,US/Mountain,31,Milford Municipal-Ben and Judy Briscoe Field
KMLI,US/Central,14,Quad City International Airport
KMLJ,US/Eastern,7,Baldwin County Regional Airport
KMLP,US/Pacific,13,
KMLS,US/Mountain,4,Miles City Airport - Frank Wiley Field
KMLU,US/Central,2,Monroe Regional Airport
KMMH,US/Pacific,21,Mammoth Yosemite Airport
KMMI,US/Eastern,11,McMinn County Airport
KMMK,US/Eastern,221,Meriden Markham Municipal Airport
KMML,US/Central,13,Southwest Minnesota Regional Airport - Marshall/Ryan Field
KMMT,US/Eastern,29,Mc Entire Joint National Guard Base
KMMU,US/Eastern,177,Morristown Municipal Airport
KMMV,US/Pacific,72,Mc Minnville Municipal Airport
KMNH,US/Mountain,63,
KMNI,US/Eastern,49,Santee Cooper Regional Airport
KMNN,US/Eastern,16,Marion Municipal Airport
KMOB,US/Central,45,Mobile Regional Airport
KMOD,US/Pacific,353,Modesto City Co-Harry Sham Field
KMOP,US/Eastern,4,Mount Pleasant Municipal Airport
KMOT,US/Central,2,Minot International Airport
KMPO,US/Eastern,78,Pocono Mountains Municipal Airport
KMPV,US/Eastern,7,Edward F Knapp State Airport
KMQE,US/Eastern,91,
KMQJ,US/Eastern,254,Indianapolis Regional Airport
KMQS,US/Eastern,95,Chester County G O Carlson Airport
KMQY,US/Central,68,Smyrna Airport
KMRB,US/Eastern,39,Eastern WV Regional Airport/Shepherd Field
KMRC,US/Central,14,Maury County Airport
KMRJ,US/Central,5,Iowa County Airport
KMRN,US/Eastern,14,Foothills Regional Airport
KMRT,US/Eastern,22,Union County Airport
KMRY,US/Pacific,69,Monterey Peninsula Airport
KMSL,US/Central,9,Northwest Alabama Regional Airport
KMSN,US/Central,124,Dane County Regional Truax Field
KMSO,US/Mountain,63,Missoula International Airport
KMSP,US/Central,1173,Minneapolis–Saint Paul International Airport / Wold–Chamberlain Field
KMSS,US/Eastern,5,Massena International Airport Richards Field
KMSV,US/Eastern,18,Sullivan County International Airport
KMSY,US/Central,42,Louis Armstrong New Orleans International Airport
KMTC,US/Eastern,85,Selfridge Air National Guard Base Airport
KMTH,US/Eastern,12,The Florida Keys Marathon Airport
KMTJ,US/Mountain,3,Montrose Regional Airport
KMTN,US/Eastern,212,Martin State Airport
KMTO,US/Central,5,Coles County Memorial Airport
KMTV,US/Eastern,22,Blue Ridge Airport
KMTW,US/Central,7,Manitowoc County Airport
KMUI,US/Eastern,80,Muir Army Air Field (Fort Indiantown Gap) Airport
KMUL,US/Eastern,17,Spence Airport
KMUO,US/Mountain,5,Mountain Home Air Force Base
KMUT,US/Central,4,Muscatine Municipal Airport
KMVE,US/Central,7,Montevideo Chippewa County Airport
KMVN,US/Central,2,Mount Vernon Outland Airport
KMWA,US/Central,7,Veterans Airport of Southern Illinois
KMWC,US/Central,372,Lawrence J Timmerman Airport
KMWH,US/Pacific,5,Grant County International Airport
KMWK,US/Eastern,15,Mount Airy Surry County Airport
KMWL,US/Central,6,Mineral Wells Regional Airport
KMWM,US/Central,19,Windom Municipal Airport
KMWO,US/Eastern,18,Middletown Regional Airport
KMXF,US/Central,219,Maxwell Air Force Base
KMXO,US/Central,5,Monticello Regional Airport
KMYF,US/Pacific,280,Montgomery-Gibbs Executive Airport
KMYL,US/Mountain,6,McCall Municipal Airport
KMYR,US/Eastern,173,Myrtle Beach International Airport
KMYV,US/Pacific,117,Yuba County Airport
KMZH,US/Central,15,Moose Lake Carlton County Airport
KMZZ,US/Eastern,8,Marion Municipal Airport
KN03,US/Eastern,9,Cortland County Chase Field
KNAK,US/Eastern,92,
KNBC,US/Eastern,81,Beaufort MCAS - Merritt Field
KNBG,US/Central,10,New Orleans NAS JRB/Alvin Callender Field
KNBJ,US/Central,14,Naval Outlying Field Barin
KNCA,US/Eastern,7,MCAS New River / McCutcheon Field
KNDZ,US/Central,19,Whiting Field Naval Air Station South Airport
KNEL,US/Eastern,4,Lakehurst Maxfield Field Airport
KNEW,US/Central,153,Lakefront Airport
KNFE,US/Eastern,3,Fentress Naval Auxiliary Landing Field
KNFG,US/Pacific,122,Camp Pendleton MCAS (Munn Field) Airport
KNFJ,US/Central,134,Choctaw Nolf Airport
KNFL,US/Pacific,31,Fallon Naval Air Station
KNFW,US/Central,47,NAS Fort Worth JRB / Carswell Field
KNGU,US/Eastern,35,Norfolk Naval Station (Chambers Field)
KNHZ,US/Eastern,24,
KNID,US/Pacific,12,China Lake Naws (Armitage Field) Airport
KNIP,US/Eastern,322,Jacksonville Naval Air Station (Towers Field)
KNKA,US/Central,162,
KNKX,US/Pacific,170,Miramar Marine Corps Air Station - Mitscher Field
KNLC,US/Pacific,98,Lemoore Naval Air Station (Reeves Field) Airport
KNMM,US/Central,5,Naval Air Station Meridian / McCain Field
KNPA,US/Central,48,Naval Air Station Pensacola Forrest Sherman Field
KNQA,US/Central,89,Millington-Memphis Airport
KNQX,US/Eastern,2,Naval Air Station Key West/Boca Chica Field
KNRB,US/Eastern,3,Naval Station Mayport / Admiral David L McDonald Field
KNRS,US/Pacific,78,Naval Outlying Field Imperial Beach (Ream Field)
KNSE,US/Central,25,Whiting Field Naval Air Station - North
KNTU,US/Eastern,42,Oceana Naval Air Station
KNUI,US/Eastern,5,Naval Outlying Landing Field Webster
KNUQ,US/Pacific,142,Moffett Federal Airfield
KNUW,US/Pacific,7,Whidbey Island Naval Air Station (Ault Field)
KNXF,US/Pacific,38,
KNXP,US/Pacific,2,Twentynine Palms Strategic Expeditionary Landing Field
KNYC,US/Eastern,529,
KNYG,US/Eastern,78,Quantico Marine Corps Airfield / Turner Field
KNYL,US/Mountain,10,Yuma International Airport / Marine Corps Air Station Yuma
KNZY,US/Pacific,10,North Island Naval Air Station-Halsey Field
KO22,US/Pacific,158,Columbia Airport
KO54,US/Pacific,7,Lonnie Pool Field Weaverville Airport
KO69,US/Pacific,151,Petaluma Municipal Airport
KO86,US/Pacific,6,Trinity Center Airport
KO87,US/Pacific,47,
KOAJ,US/Eastern,6,Albert J Ellis Airport
KOAK,US/Pacific,653,San Francisco Bay Oakland International Airport
KOBE,US/Eastern,23,Okeechobee County Airport
KOCF,US/Eastern,194,Ocala International Airport - Jim Taylor Field
KOCQ,US/Central,4,J. Douglas Bake Memorial Airport
KOCW,US/Eastern,5,Warren Field
KODO,US/Central,2,Odessa Schlemeyer Field
KOEO,US/Central,32,L O Simenstad Municipal Airport
KOFF,US/Central,173,Offutt Air Force Base
KOFP,US/Eastern,535,Hanover County Municipal Airport
KOGA,US/Mountain,2,Ogallala Municipal Airport Searle Field
KOGB,US/Eastern,151,Orangeburg Municipal Airport
KOGD,US/Mountain,218,Ogden Hinckley Airport
KOGS,US/Eastern,2,Ogdensburg International Airport
KOJC,US/Central,197,Johnson County Executive Airport
KOKB,US/Pacific,37,Oceanside Municipal Airport
KOKC,US/Central,410,Will Rogers World Airport
KOKH,US/Pacific,32,AJ Eisenberg Airport
KOKK,US/Central,10,Kokomo Municipal Airport
KOKV,US/Eastern,122,Winchester Regional Airport
KOKZ,US/Eastern,6,Kaolin Field
KOLE,US/Eastern,5,Cattaraugus County-Olean Airport
KOLM,US/Pacific,59,Olympia Regional Airport
KOLU,US/Central,4,Columbus Municipal Airport
KOLV,US/Central,60,Olive Branch Airport
KOLZ,US/Central,3,Oelwein Municipal Airport
KOMA,US/Central,428,Eppley Airfield
KOMH,US/Eastern,17,Orange County Airport
KOMK,US/Pacific,2,Omak Airport
KOMN,US/Eastern,23,Ormond Beach Municipal Airport
KONA,US/Central,33,Winona Municipal Airport Max Conrad Field
KONO,US/Mountain,75,Ontario Municipal Airport
KONP,US/Pacific,39,Newport Municipal Airport
KONT,US/Pacific,510,Ontario International Airport
KONZ,US/Eastern,26,Grosse Ile Municipal Airport
KOOA,US/Central,3,Oskaloosa Municipal Airport
KOPF,US/Eastern,984,Miami-Opa Locka Executive Airport
KOPN,US/Eastern,24,Thomaston Upson County Airport
KOQN,US/Eastern,349,Brandywine Regional Airport
KOQT,US/Eastern,36,
KOQU,US/Eastern,21,Quonset State Airport
KORB,US/Central,3,Orr Regional Airport
KORD,US/Central,1188,Chicago O'Hare International Airport
KORE,US/Eastern,10,Orange Municipal Airport
KORF,US/Eastern,240,Norfolk International Airport
KORH,US/Eastern,147,Worcester Regional Airport
KORL,US/Eastern,1031,Orlando Executive Airport
KOSA,US/Central,3,Mount Pleasant Regional Airport
KOSH,US/Central,7,Wittman Regional Airport
KOSU,US/Eastern,292,The Ohio State University Airport - Don Scott Field
KOTG,US/Central,23,Worthington Municipal Airport
KOTH,US/Pacific,97,Southwest Oregon Regional Airport
KOTM,US/Central,6,Ottumwa Regional Airport
KOUN,US/Central,19,University of Oklahoma Westheimer Airport
KOVE,US/Pacific,93,Oroville Municipal Airport
KOVL,US/Central,7,Olivia Regional Airport
KOWA,US/Central,21,Owatonna Degner Regional Airport
KOWB,US/Central,7,Owensboro Daviess County Airport
KOWD,US/Eastern,160,Norwood Memorial Airport
KOWP,US/Central,2,William R. Pogue Municipal Airport
KOXB,US/Eastern,16,Ocean City Municipal Airport
KOXC,US/Eastern,170,Waterbury Oxford Airport
KOXR,US/Pacific,142,Oxnard Airport
KOZW,US/Eastern,53,Livingston County Spencer J. Hardy Airport
KP08,US/Mountain,34,Coolidge Municipal Airport
KP38,US/Pacific,14,
KPAE,US/Pacific,519,Seattle Paine Field International Airport
KPAM,US/Central,32,Tyndall Air Force Base
KPAN,US/Mountain,20,Payson Airport
KPAO,US/Pacific,168,Palo Alto Airport
KPBF,US/Central,11,"Pine Bluff Regional Airport, Grider Field"
KPBG,US/Eastern,6,Plattsburgh International Airport
KPBI,US/Eastern,258,Palm Beach International Airport
KPCM,US/Eastern,70,Plant City Municipal Airport
KPCW,US/Eastern,25,Carl R Keller Field
KPCZ,US/Central,5,Waupaca Municipal Airport
KPDK,US/Eastern,657,DeKalb Peachtree Airport
KPDT,US/Pacific,104,Eastern Oregon Regional Airport at Pendleton
KPDX,US/Pacific,582,Portland International Airport
KPEA,US/Central,3,Pella Municipal Airport
KPEO,US/Eastern,42,Penn Yan Airport
KPEX,US/Central,15,Paynesville Municipal Airport
KPGA,US/Mountain,2,Page Municipal Airport
KPGD,US/Eastern,37,Punta Gorda Airport
KPGV,US/Eastern,4,Pitt-Greenville Airport
KPHD,US/Eastern,10,Harry Clever Field
KPHF,US/Eastern,40,Newport News Williamsburg International Airport
KPHL,US/Eastern,819,Philadelphia International Airport
KPHN,US/Eastern,33,St Clair County International Airport
KPHX,US/Mountain,579,Phoenix Sky Harbor International Airport
KPIA,US/Central,80,General Wayne A. Downing Peoria International Airport
KPIB,US/Central,6,Hattiesburg Laurel Regional Airport
KPIE,US/Eastern,324,St. Petersburg Clearwater International Airport
KPIH,US/Mountain,10,Pocatello Regional Airport
KPIT,US/Eastern,116,Pittsburgh International Airport
KPKB,US/Eastern,20,Mid Ohio Valley Regional Airport
KPKD,US/Central,11,Park Rapids Municipal Airport Konshok Field
KPLN,US/Eastern,2,Pellston Regional Airport of Emmet County Airport
KPLU,US/Pacific,79,Pierce County-Thun Field
KPMD,US/Pacific,170,Palmdale Regional Airport / USAF Plant 42 Airport
KPMP,US/Eastern,93,Pompano Beach Airpark
KPMV,US/Central,5,Plattsmouth Municipal Airport
KPNE,US/Eastern,634,Northeast Philadelphia Airport
KPNM,US/Central,20,Princeton Municipal Airport
KPNS,US/Central,169,Pensacola International Airport
KPNT,US/Central,2,Pontiac Municipal Airport
KPOC,US/Pacific,544,Brackett Field
KPOU,US/Eastern,373,Dutchess County Airport
KPOV,US/Eastern,53,Portage County Regional Airport
KPPO,US/Central,7,La Porte Municipal Airport
KPQL,US/Central,15,Trent Lott International Airport
KPRB,US/Pacific,70,Paso Robles Municipal Airport
KPRC,US/Mountain,63,Prescott International Airport - Ernest A. Love Field
KPRN,US/Central,16,Mac Crenshaw Memorial Airport
KPRO,US/Central,22,Perry Municipal Airport
KPSC,US/Pacific,4,Tri Cities Airport
KPSF,US/Eastern,168,Pittsfield Municipal Airport
KPSK,US/Eastern,24,New River Valley Airport
KPSM,US/Eastern,55,Portsmouth International at Pease Airport
KPTB,US/Eastern,75,Dinwiddie County Airport
KPTK,US/Eastern,279,Oakland County International Airport
KPTV,US/Pacific,95,Porterville Municipal Airport
KPTW,US/Eastern,370,Heritage Field
KPUB,US/Mountain,56,Pueblo Memorial Airport
KPUC,US/Mountain,44,Carbon County Regional Airport / Buck Davis Field
KPUJ,US/Eastern,16,Silver Comet Field at Paulding Northwest Atlanta Airport
KPUM,US/Mountain,4,
KPUW,US/Pacific,9,Pullman-Moscow Regional Airport
KPVC,US/Eastern,2,Provincetown Municipal Airport
KPVD,US/Eastern,366,Theodore Francis Green State Airport
KPVF,US/Pacific,203,Placerville Airport
KPVG,US/Eastern,94,Hampton Roads Executive Airport
KPVU,US/Mountain,318,Provo-Utah Lake International Airport
KPWA,US/Central,470,Wiley Post Airport
KPWC,US/Central,7,Pine River Regional Airport
KPWK,US/Central,765,Chicago Executive Airport
KPWM,US/Eastern,40,Portland International Jetport
KPWT,US/Pacific,72,Bremerton National Airport
KPYM,US/Eastern,25,Plymouth Municipal Airport
KRAC,US/Central,35,John H Batten Airport
KRAL,US/Pacific,555,Riverside Municipal Airport
KRBD,US/Central,587,Dallas Executive Airport
KRBG,US/Pacific,96,Roseburg Regional Airport
KRBL,US/Pacific,64,Red Bluff Municipal Airport
KRBW,US/Eastern,104,Lowcountry Regional Airport
KRCE,US/Central,32,Clarence E Page Municipal Airport
KRCM,US/Central,3,Skyhaven Airport
KRCZ,US/Eastern,3,Richmond County Airport
KRDD,US/Pacific,115,Redding Municipal Airport
KRDG,US/Eastern,130,Reading Regional Airport (Carl A Spaatz Field)
KRDK,US/Central,2,Red Oak Municipal Airport
KRDM,US/Pacific,155,Roberts Field
KRDU,US/Eastern,2074,Raleigh Durham International Airport
KRFD,US/Central,46,Chicago Rockford International Airport
KRGK,US/Central,14,Red Wing Regional Airport
KRHI,US/Central,4,Rhinelander Oneida County Airport
KRHP,US/Eastern,3,Western Carolina Regional Airport
KRHV,US/Pacific,188,Reid-Hillview Airport of Santa Clara County
KRIC,US/Eastern,558,Richmond International Airport
KRIL,US/Mountain,15,Garfield County Regional Airport
KRIV,US/Pacific,233,March Air Reserve Base
KRJD,US/Eastern,60,Ridgely Airpark
KRKS,US/Mountain,4,Southwest Wyoming Regional Airport
KRME,US/Eastern,191,Griffiss International Airport
KRMG,US/Eastern,10,Richard B Russell Airport
KRMN,US/Eastern,72,Stafford Regional Airport
KRMY,US/Eastern,21,Brooks Field
KRND,US/Central,55,Randolph Air Force Base
KRNH,US/Central,7,New Richmond Regional Airport
KRNM,US/Pacific,92,Ramona Airport
KRNO,US/Pacific,237,Reno Tahoe International Airport
KRNP,US/Eastern,11,Owosso Community Airport
KRNT,US/Pacific,218,Renton Municipal Airport
KROA,US/Eastern,139,Roanoke–Blacksburg Regional Airport
KROC,US/Eastern,1017,Frederick Douglass Greater Rochester International Airport
KROG,US/Central,4,Rogers Municipal Airport-Carter Field
KROS,US/Central,52,Rush City Regional Airport
KRPJ,US/Central,8,Rochelle Municipal Airport - Koritz Field
KRQB,US/Eastern,2,Roben Hood Airport
KRQE,US/Mountain,21,Window Rock Airport
KRSN,US/Central,2,Ruston Regional Airport
KRSP,US/Eastern,23,
KRST,US/Central,11,Rochester International Airport
KRSW,US/Eastern,221,Southwest Florida International Airport
KRTS,US/Pacific,80,Reno-Stead Airport
KRUE,US/Central,10,Russellville Regional Airport
KRUQ,US/Eastern,25,Mid-Carolina Regional Airport
KRUT,US/Eastern,5,Rutland - Southern Vermont Regional Airport
KRVS,US/Central,294,Tulsa Riverside Airport
KRWF,US/Central,11,Redwood Falls Municipal Airport
KRWI,US/Eastern,10,Rocky Mount Wilson Regional Airport
KRWL,US/Mountain,8,Rawlins Municipal Airport/Harvey Field
KRYN,US/Mountain,37,Ryan Field
KRYT,US/Eastern,71,
KRYV,US/Central,24,Watertown Municipal Airport
KRYW,US/Central,65,Lago Vista Texas Rusty Allen Airport
KRYY,US/Eastern,103,Cobb County International Airport-McCollum Field
KRZL,US/Central,32,Jasper County Airport
KRZN,US/Central,2,Burnett County Airport
KRZR,US/Eastern,14,Cleveland Regional Jetport
KRZZ,US/Eastern,9,
KS14,US/Mountain,4,
KS47,US/Pacific,109,
KSAC,US/Pacific,606,Sacramento Executive Airport
KSAD,US/Mountain,15,Safford Regional Airport
KSAF,US/Mountain,4,Santa Fe Municipal Airport
KSAN,US/Pacific,338,San Diego International Airport
KSAR,US/Central,3,Sparta Community Airport - Hunter Field
KSAT,US/Central,239,San Antonio International Airport
KSAV,US/Eastern,59,Savannah Hilton Head International Airport
KSAZ,US/Central,14,Staples Municipal Airport
KSBA,US/Pacific,133,Santa Barbara Municipal Airport
KSBD,US/Pacific,667,San Bernardino International Airport
KSBM,US/Central,15,Sheboygan County Memorial Airport
KSBN,US/Eastern,18,South Bend Regional Airport
KSBO,US/Eastern,3,Emanuel County Airport
KSBP,US/Pacific,84,San Luis County Regional Airport
KSBS,US/Mountain,4,Steamboat Springs Bob Adams Field
KSBY,US/Eastern,14,Salisbury Ocean City Wicomico Regional Airport
KSCH,US/Eastern,269,Schenectady County Airport
KSCK,US/Pacific,505,Stockton Metropolitan Airport
KSDB,US/Pacific,53,
KSDF,US/Eastern,223,Louisville Muhammad Ali International Airport
KSDL,US/Mountain,115,Scottsdale Airport
KSDM,US/Pacific,7,Brown Field Municipal Airport
KSEA,US/Pacific,318,Seattle–Tacoma International Airport
KSEE,US/Pacific,31,Gillespie Field
KSEG,US/Eastern,132,Penn Valley Airport
KSEZ,US/Mountain,42,Sedona Airport
KSFB,US/Eastern,102,Orlando Sanford International Airport
KSFF,US/Pacific,130,Felts Field
KSFM,US/Eastern,9,Sanford Seacoast Regional Airport
KSFO,US/Pacific,335,San Francisco International Airport
KSFQ,US/Eastern,44,Suffolk Executive Airport
KSFZ,US/Eastern,257,North Central State Airport
KSGF,US/Central,144,Springfield Branson National Airport
KSGH,US/Eastern,27,Springfield-Beckley Municipal Airport
KSGJ,US/Eastern,32,Northeast Florida Regional Airport
KSGR,US/Central,232,Sugar Land Regional Airport
KSGS,US/Central,137,South St Paul Municipal Airport/Richard E Fleming Field
KSGT,US/Central,17,Stuttgart Municipal Airport / Carl Humphrey Field
KSGU,US/Mountain,40,St George Regional Airport
KSHD,US/Eastern,157,Shenandoah Valley Regional Airport
KSHN,US/Pacific,19,Sanderson Field
KSHR,US/Mountain,6,Sheridan County Airport
KSHV,US/Central,116,Shreveport Regional Airport
KSIF,US/Eastern,7,Rockingham County NC Shiloh Airport
KSIY,US/Pacific,37,Siskiyou County Airport
KSJC,US/Pacific,529,Norman Y. Mineta San Jose International Airport
KSJN,US/Mountain,2,St Johns Industrial Air Park
KSKA,US/Pacific,2,Fairchild Air Force Base
KSKF,US/Central,129,Lackland Air Force Base
KSLB,US/Central,7,Storm Lake Municipal Airport
KSLC,US/Mountain,412,Salt Lake City International Airport
KSLE,US/Pacific,188,Salem-Willamette Valley Airport/McNary Field
KSLG,US/Central,2,Smith Field
KSLI,US/Pacific,183,Los Alamitos Army Air Field
KSLK,US/Eastern,2,Adirondack Regional Airport
KSMF,US/Pacific,67,Sacramento International Airport
KSMO,US/Pacific,422,Santa Monica Municipal Airport
KSMP,US/Pacific,18,
KSMQ,US/Eastern,137,Somerset Airport
KSMS,US/Eastern,53,Sumter Airport
KSMX,US/Pacific,72,Santa Maria Public Airport Captain G Allan Hancock Field
KSNA,US/Pacific,757,John Wayne Orange County International Airport
KSNC,US/Eastern,64,Chester Airport
KSNK,US/Central,3,Winston Field
KSNL,US/Central,10,Shawnee Regional Airport
KSNS,US/Pacific,165,Salinas Municipal Airport
KSNY,US/Mountain,3,Sidney Municipal Airport Lloyd W Carr Field
KSOP,US/Eastern,14,Moore County Airport
KSOW,US/Mountain,19,Show Low Regional Airport
KSPA,US/Eastern,510,Spartanburg Downtown Memorial Airport
KSPB,US/Pacific,43,Scappoose Industrial Airpark
KSPG,US/Eastern,128,Albert Whitted Airport
KSPI,US/Central,15,Abraham Lincoln Capital Airport
KSPS,US/Central,5,Wichita Falls Municipal Airport / Sheppard Air Force Base
KSQI,US/Central,7,Whiteside County Airport - Joseph H Bittorf Field
KSQL,US/Pacific,201,San Carlos Airport
KSRB,US/Central,21,Upper Cumberland Regional Airport
KSRC,US/Central,4,Searcy Municipal Airport
KSRE,US/Central,2,Seminole Municipal Airport
KSRQ,US/Eastern,481,Sarasota Bradenton International Airport
KSSC,US/Eastern,40,Shaw Air Force Base
KSSF,US/Central,91,Stinson Municipal Airport
KSSI,US/Eastern,5,St Simons Island Airport
KSTC,US/Central,90,Saint Cloud Regional Airport
KSTE,US/Central,13,Stevens Point Municipal Airport
KSTJ,US/Central,7,Rosecrans Memorial Airport
KSTK,US/Mountain,6,Sterling Municipal Airport
KSTL,US/Central,444,St. Louis Lambert International Airport
KSTP,US/Central,669,Saint Paul Downtown Holman Field
KSTS,US/Pacific,340,Charles M. Schulz Sonoma County Airport
KSUA,US/Eastern,76,Witham Field
KSUS,US/Central,133,Spirit of St Louis Airport
KSUT,US/Eastern,5,Cape Fear Regional Jetport / Howie Franklin Field Airport
KSUU,US/Pacific,106,Travis Air Force Base
KSUW,US/Central,12,Richard I Bong Memorial Airport
KSUX,US/Central,30,Sioux Gateway Airport / Brigadier General Bud Day Field
KSVH,US/Eastern,56,Statesville Regional Airport
KSVN,US/Eastern,50,Hunter Army Air Field
KSWF,US/Eastern,217,New York Stewart International Airport
KSWO,US/Central,3,Stillwater Regional Airport
KSXT,US/Pacific,129,
KSYN,US/Central,40,Stanton Airfield
KSYR,US/Eastern,311,Syracuse Hancock International Airport
KSZL,US/Central,4,Whiteman Air Force Base
KSZT,US/Pacific,2,Sandpoint Airport
KT62,US/Mountain,100,
KT65,US/Central,2,Mid Valley Airport
KTAD,US/Mountain,14,Perry Stokes Airport
KTAN,US/Eastern,37,Taunton Municipal King Field
KTBN,US/Central,4,Waynesville-St. Robert Regional Airport-Forney Field
KTBR,US/Eastern,6,Statesboro Bulloch County Airport
KTCC,US/Mountain,3,Tucumcari Municipal Airport
KTCL,US/Central,181,Tuscaloosa National Airport
KTCM,US/Pacific,220,McChord Air Force Base
KTCS,US/Mountain,3,Truth or Consequences Municipal Airport
KTDF,US/Eastern,5,Raleigh Regional Airport at Person County
KTDO,US/Pacific,28,Ed Carlson Memorial Field South Lewis County Airport
KTDR,US/Central,2,
KTDZ,US/Eastern,81,Toledo Executive Airport
KTEB,US/Eastern,621,Teterboro Airport
KTEW,US/Eastern,26,Mason Jewett Field
KTEX,US/Mountain,4,Telluride Regional Airport
KTHA,US/Central,11,Tullahoma Regional Airport William Northern Field
KTHV,US/Eastern,518,York Airport
KTIK,US/Central,183,Tinker Air Force Base
KTIW,US/Pacific,58,Tacoma Narrows Airport
KTIX,US/Eastern,61,Space Coast Regional Airport
KTKC,US/Central,3,Tracy Municipal Airport
KTKI,US/Central,31,McKinney National Airport
KTKV,US/Central,3,Tomahawk Regional Airport
KTLH,US/Eastern,129,Tallahassee Regional Airport
KTMA,US/Eastern,6,Henry Tift Myers Airport
KTMB,US/Eastern,737,Miami Executive Airport
KTME,US/Central,22,Houston Executive Airport
KTNB,US/Eastern,6,
KTNU,US/Central,22,Newton Municipal Airport
KTOA,US/Pacific,114,Zamperini Field
KTOB,US/Central,26,Dodge Center Airport
KTOC,US/Eastern,16,Toccoa Airport - R.G. Letourneau Field
KTOI,US/Central,19,Troy Municipal Airport at N Kenneth Campbell Field
KTOL,US/Eastern,27,Eugene F. Kranz Toledo Express Airport
KTOP,US/Central,3,Philip Billard Municipal Airport
KTPA,US/Eastern,207,Tampa International Airport
KTPF,US/Eastern,179,Peter O Knight Airport
KTPH,US/Pacific,4,Tonopah Airport
KTPL,US/Central,3,Draughon Miller Central Texas Regional Airport
KTQE,US/Central,11,Tekamah Municipal Airport
KTRI,US/Eastern,69,Tri-Cities Regional TN/VA Airport
KTRK,US/Pacific,100,Truckee Tahoe Airport
KTRL,US/Central,9,Terrell Municipal Airport
KTSP,US/Pacific,73,Tehachapi Municipal Airport
KTTA,US/Eastern,85,Raleigh Executive Jetport
KTTD,US/Pacific,188,Portland Troutdale Airport
KTTF,US/Eastern,38,Custer Airport
KTTN,US/Eastern,283,Trenton Mercer Airport
KTTS,US/Eastern,19,Space Florida Launch and Landing Facility
KTUL,US/Central,361,Tulsa International Airport
KTUP,US/Central,6,Tupelo Regional Airport
KTUS,US/Mountain,171,Tucson International Airport / Morris Air National Guard Base
KTVC,US/Eastern,2,Cherry Capital Airport
KTVF,US/Central,2,Thief River Falls Regional Airport
KTVI,US/Eastern,13,Thomasville Regional Airport
KTVL,US/Pacific,50,Lake Tahoe Airport
KTWF,US/Mountain,7,Joslin Field Magic Valley Regional Airport
KTXK,US/Central,11,Texarkana Regional Airport (Webb Field)
KTYQ,US/Eastern,85,Indianapolis Executive Airport
KTYR,US/Central,73,Tyler Pounds Regional Airport
KTYS,US/Eastern,134,McGhee Tyson Airport
KTZR,US/Eastern,247,Bolton Field
KU24,US/Mountain,76,
KU28,US/Mountain,16,
KU42,US/Mountain,658,South Valley Regional Airport
KU78,US/Mountain,2,Allen H Tigert Airport
KUAO,US/Pacific,210,Aurora State Airport
KUBE,US/Central,2,Cumberland Municipal Airport
KUCP,US/Eastern,46,New Castle Municipal Airport
KUCY,US/Central,2,Everett-Stewart Regional Airport
KUDG,US/Eastern,37,Darlington County Airport
KUES,US/Central,69,Waukesha County Airport
KUGN,US/Central,878,Waukegan National Airport
KUIL,US/Pacific,4,Quillayute Airport
KUKF,US/Eastern,11,Wilkes County Airport
KUKI,US/Pacific,161,Ukiah Municipal Airport
KUKT,US/Eastern,103,Quakertown Airport
KULM,US/Central,10,New Ulm Municipal Airport
KUNI,US/Eastern,6,Ohio University Airport
KUNU,US/Central,6,Dodge County Airport
KUNV,US/Eastern,159,State College Regional Airport
KUOX,US/Central,9,University Oxford Airport
KUSE,US/Eastern,8,Fulton County Airport
KUTA,US/Central,5,Tunica Municipal Airport
KUTS,US/Central,2,Huntsville Regional Airport
KUUU,US/Eastern,4,Newport State Airport
KUXL,US/Central,8,Southland Field
KUZA,US/Eastern,219,Rock Hill - York County Airport
KVAD,US/Eastern,3,Moody Air Force Base
KVAY,US/Eastern,200,South Jersey Regional Airport
KVBT,US/Central,6,Bentonville Municipal-Louise M Thaden Field
KVCB,US/Pacific,68,Nut Tree Airport
KVCT,US/Central,4,Victoria Regional Airport
KVCV,US/Pacific,93,Southern California Logistics Airport
KVDF,US/Eastern,232,Tampa Executive Airport
KVDI,US/Eastern,13,Vidalia Regional Airport
KVDW,US/Mountain,3,
KVEL,US/Mountain,28,Vernal Regional Airport
KVER,US/Central,2,Jesse Viertel Memorial Airport
KVES,US/Eastern,45,Darke County Airport
KVGT,US/Pacific,17,North Las Vegas Metropolitan International Airport
KVIH,US/Central,4,Rolla National Airport
KVIS,US/Pacific,187,Visalia Municipal Airport
KVJI,US/Eastern,42,Virginia Highlands Airport
KVKS,US/Central,4,Vicksburg Municipal Airport
KVLD,US/Eastern,42,Valdosta Regional Airport
KVLL,US/Eastern,682,Oakland Troy Airport
KVNC,US/Eastern,108,Venice Municipal Airport
KVNY,US/Pacific,358,Van Nuys Airport
KVOK,US/Central,10,Volk Field
KVPC,US/Eastern,15,Cartersville Airport
KVPS,US/Central,13,Destin-Fort Walton Beach Airport
KVPZ,US/Central,22,Porter County Municipal Airport
KVQQ,US/Eastern,71,Cecil Airport
KVRB,US/Eastern,20,Vero Beach Regional Airport
KVSF,US/Eastern,4,Hartness State Airport
KVSH,US/Central,44,
KVTA,US/Eastern,31,Newark Heath Airport
KVTI,US/Central,5,Vinton Veterans Memorial Airpark
KVTP,US/Mountain,11,
KVUO,US/Pacific,136,Pearson Field
KVVG,US/Eastern,196,
KVWU,US/Central,2,Waskish Municipal Airport
KVYS,US/Central,13,Illinois Valley Regional Airport Walter A Duncan Field
KW22,US/Eastern,2,Upshur County Regional Airport
KW29,US/Eastern,32,
KWAL,US/Eastern,11,Wallops Flight Facility Airport
KWBC,US/Eastern,118,
KWDR,US/Eastern,41,Barrow County Airport
KWHP,US/Pacific,224,Whiteman Airport
KWJF,US/Pacific,67,General William J Fox Airfield
KWMC,US/Pacific,14,Winnemucca Municipal Airport
KWRB,US/Eastern,27,Robins Air Force Base
KWRI,US/Eastern,32,Mc Guire Air Force Base
KWST,US/Eastern,25,Westerly State Airport
KWVI,US/Pacific,244,Watsonville Municipal Airport
KWVL,US/Eastern,6,Waterville Robert Lafleur Airport
KWWD,US/Eastern,21,Cape May County Airport
KXFL,US/Eastern,93,Flagler Executive Airport
KXLL,US/Eastern,76,Allentown Queen City Municipal Airport
KXMR,US/Eastern,14,Cape Canaveral SFS Skid Strip
KXSA,US/Eastern,17,Tappahannock-Essex County Airport
KXVG,US/Central,6,Longville Municipal Airport
KXVW,US/Pacific,6,
KY19,US/Central,2,Mandan Municipal Airport
KY50,US/Central,5,Wautoma Municipal Airport
KY51,US/Central,4,Viroqua Municipal Airport
KY63,US/Central,21,
KY70,US/Eastern,21,Ionia County Airport
KYIP,US/Eastern,214,Willow Run Airport
KYKM,US/Pacific,2,Yakima Air Terminal McAllister Field
KYNG,US/Eastern,31,Youngstown Warren Regional Airport
KZPH,US/Eastern,56,Zephyrhills Municipal Airport
KZZV,US/Eastern,24,Zanesville Municipal Airport
